post_title;post_type;meta_global_unique_id;post_content;post_status;menu_order;sku;stock;regular_price;sale_price;weight;length;width;height;visibility;Images;tax_product_brand;tax_product_cat;tax_product_tag;opt;xr
Запасні блоки (30шт) для електричної гумки;product;19;Запасные ластики круглые, белого цвета 30штук в пластиковой упаковке. Предназначены для замены стирающего блока электрического ластика фирмы Derwent (D-2301931) Производитель:  Derwent (Дервент) Великобритания;draft;1;D-2300023;0,00;18,50;19,65;31,00;10,00;90,00;100,00;hidden;pic/d-2300023.jpg;DERWENT;Матеріали для графіки > Гумки > Електричні;;0,00;0,00
!Бумага 160г 20х20см 30арк."Конфетти";product;23;;draft;1;DL-PMA-160132;0,00;194,50;404,26;;;;;hidden;pic/dl-pma-160132.jpg;Dalprint Plus;Папір та картон > Папір для скрапбукінгу;;0,00;0,00
Самозастигаюча маса (легка,плаваюча) Licht Darwi 160гр БІЛА;product;31;Легковесный мягкий пластик. Готов к применению. Легко принимает необходимую форму. После застывания плавает. Затвердевает на воздухе при обычной температуре, в зависимости от толщины слоя в течение 24 часов. В первые два часа работы можно вносить в модель изменения. Хранить в закрытой упаковке без доступа воздуха. Работать следует влажными руками, материал брать небольшими количествами. Готовые изделия можно окрашивать в разные цвета и покрывать лаком. Производитель:DARWI (Дарви) Бельгия ;publish;1;DR-DA0840160000;2,00;286,00;197,92;160,00;145,00;66,00;27,00;'visible;pic/da0840160000_extralight_160g_72dpi_rvb.jpg,pic/dr-da0840160000_1.jpg,pic/dr-da0840160000_2.jpg;Clairefontaine;Скульптура > Пластич.маси, самозатверд. > Легкі;;2,00;0,00
Туш незмивна "Darwi INK" 30мл ЧОРНА;product;36;Быстросохнущая водостойкая тушь для рисования на водной основе. Идеально подходит для каллиграфии. Жидкая, прозрачная (кроме непрозрачной черной и белой). В белом цвете образуется осадок (при вскрытии флакона перемешать твёрдой палочкой). Тушь устойчива к;publish;1;DR-DA1500030100;0,00;109,00;130,26;34,00;35,00;35,00;70,00;'visible;pic/dr-da1500030100.jpg;Clairefontaine;Матеріали для графіки > Туш > Водостійка > DARWI;;0,00;0,00
!БЕЗ ЗНИЖОК ЗНЯТІ З ВИР-ВА.Барвник рідкий для волокон тварин.походж.(для запарювання) Dupont Darwi 50мл ПЛАТИНА;product;37;Растекающиеся краски на водной основе, для росписи и окрашивания волокон животного происхождения (шёлка и шерсти) в пластиковой баночке по 30, 50, 250мл Экологически чистые. Изготовлены из высококачественных, отборных, растворимых, высококонцентрированных пигментов. Без резкого запаха. Разбавляются водой, спиртом, и специальным разбавителем (DR-DU0710100000). Палитра красок насчитывает 80 цветов. Три последние цифры артикула являются Номером согласно палитре HDupont. Все цвета прекрасно смешиваются между собой. Наносить краски на ткань кистью, губкой или аэрографом. Ткань перед нанесением красителя должна быть выстирана. После высыхания закрепляются паром в течение 1ч.30мин. Внимание! Ткань перед закреплением должна быть завернута в бумагу, чтобы избежать прямого контакта с каплями воды (конденсата). Возможно закрепление в микроволновке. (См. видео на нашем сайте: http://paint.dn.ua/index.php?prog=400&article=62   http://paint.dn.ua/index.php?prog=400&article=63 http://paint.dn.ua/index.php?prog=400&article=64) После фиксации краска устойчива к стирке и чистке. Инструменты (кисти, губки и аэрографы) после работы промыть теплой водой. Не замораживать! Производитель: DARWI (Дарви) Бельгия;publish;1;DR-DU0600050155;0,00;60,00;60,00;;;;;'visible;pic/dr-dupont-50.jpg;Clairefontaine;Текстильні фарби та аксесуари > Барвники > Для запарювання > 50мл;;0,00;0,00
!БЕЗ ЗНИЖОК ЗНЯТІ З ВИР-ВА.Барвник рідкий для волокон тварин.походж.(для запарювання) Dupont Darwi 50мл СИНІЙ СВІТЛИЙ;product;38;Растекающиеся краски на водной основе, для росписи и окрашивания волокон животного происхождения (шёлка и шерсти) в пластиковой баночке по 30, 50, 250мл Экологически чистые. Изготовлены из высококачественных, отборных, растворимых, высококонцентрированных пигментов. Без резкого запаха. Разбавляются водой, спиртом, и специальным разбавителем (DR-DU0710100000). Палитра красок насчитывает 80 цветов. Три последние цифры артикула являются Номером согласно палитре HDupont. Все цвета прекрасно смешиваются между собой. Наносить краски на ткань кистью, губкой или аэрографом. Ткань перед нанесением красителя должна быть выстирана. После высыхания закрепляются паром в течение 1ч.30мин. Внимание! Ткань перед закреплением должна быть завернута в бумагу, чтобы избежать прямого контакта с каплями воды (конденсата). Возможно закрепление в микроволновке. (См. видео на нашем сайте: http://paint.dn.ua/index.php?prog=400&article=62   http://paint.dn.ua/index.php?prog=400&article=63 http://paint.dn.ua/index.php?prog=400&article=64) После фиксации краска устойчива к стирке и чистке. Инструменты (кисти, губки и аэрографы) после работы промыть теплой водой. Не замораживать! Производитель: DARWI (Дарви) Бельгия;publish;1;DR-DU0600050256;0,00;60,00;60,00;;;;;'visible;pic/dr-dupont-50.jpg;Clairefontaine;Текстильні фарби та аксесуари > Барвники > Для запарювання > 50мл;;0,00;0,00
!БЕЗ ЗНИЖОК ЗНЯТІ З ВИР-ВА.Барвник рідкий для волокон тварин.походж.(для запарювання) Dupont Darwi 50мл РОЖЕВИЙ ЯСКРАВИЙ;product;39;Растекающиеся краски на водной основе, для росписи и окрашивания волокон животного происхождения (шёлка и шерсти) в пластиковой баночке по 30, 50, 250мл Экологически чистые. Изготовлены из высококачественных, отборных, растворимых, высококонцентрированных пигментов. Без резкого запаха. Разбавляются водой, спиртом, и специальным разбавителем (DR-DU0710100000). Палитра красок насчитывает 80 цветов. Три последние цифры артикула являются Номером согласно палитре HDupont. Все цвета прекрасно смешиваются между собой. Наносить краски на ткань кистью, губкой или аэрографом. Ткань перед нанесением красителя должна быть выстирана. После высыхания закрепляются паром в течение 1ч.30мин. Внимание! Ткань перед закреплением должна быть завернута в бумагу, чтобы избежать прямого контакта с каплями воды (конденсата). Возможно закрепление в микроволновке. (См. видео на нашем сайте: http://paint.dn.ua/index.php?prog=400&article=62   http://paint.dn.ua/index.php?prog=400&article=63 http://paint.dn.ua/index.php?prog=400&article=64) После фиксации краска устойчива к стирке и чистке. Инструменты (кисти, губки и аэрографы) после работы промыть теплой водой. Не замораживать! Производитель: DARWI (Дарви) Бельгия;publish;1;DR-DU0600050488;0,00;60,00;60,00;;;;;'visible;pic/dr-dupont-50.jpg;Clairefontaine;Текстильні фарби та аксесуари > Барвники > Для запарювання > 50мл;;0,00;0,00
!БЕЗ ЗНИЖОК ЗНЯТІ З ВИР-ВА.Барвник рідкий для волокон тварин.походж.(для запарювання) Dupont Darwi 50мл ЖОВТИЙ СОНЯШНИК;product;40;Растекающиеся краски на водной основе, для росписи и окрашивания волокон животного происхождения (шёлка и шерсти) в пластиковой баночке по 30, 50, 250мл Экологически чистые. Изготовлены из высококачественных, отборных, растворимых, высококонцентрированных пигментов. Без резкого запаха. Разбавляются водой, спиртом, и специальным разбавителем (DR-DU0710100000). Палитра красок насчитывает 80 цветов. Три последние цифры артикула являются Номером согласно палитре HDupont. Все цвета прекрасно смешиваются между собой. Наносить краски на ткань кистью, губкой или аэрографом. Ткань перед нанесением красителя должна быть выстирана. После высыхания закрепляются паром в течение 1ч.30мин. Внимание! Ткань перед закреплением должна быть завернута в бумагу, чтобы избежать прямого контакта с каплями воды (конденсата). Возможно закрепление в микроволновке. (См. видео на нашем сайте: http://paint.dn.ua/index.php?prog=400&article=62   http://paint.dn.ua/index.php?prog=400&article=63 http://paint.dn.ua/index.php?prog=400&article=64) После фиксации краска устойчива к стирке и чистке. Инструменты (кисти, губки и аэрографы) после работы промыть теплой водой. Не замораживать! Производитель: DARWI (Дарви) Бельгия;publish;1;DR-DU0600050702;0,00;60,00;60,00;;;;;'visible;pic/dr-dupont-50.jpg;Clairefontaine;Текстильні фарби та аксесуари > Барвники > Для запарювання > 50мл;;0,00;0,00
!БЕЗ ЗНИЖОК ЗНЯТІ З ВИР-ВА,Барвник рідкий для волокон тварин.походж.(для запарювання) Dupont Darwi 50мл ЗОЛОТО АНТИЧНЕ;product;41;Растекающиеся краски на водной основе, для росписи и окрашивания волокон животного происхождения (шёлка и шерсти) в пластиковой баночке по 30, 50, 250мл Экологически чистые. Изготовлены из высококачественных, отборных, растворимых, высококонцентрированных пигментов. Без резкого запаха. Разбавляются водой, спиртом, и специальным разбавителем (DR-DU0710100000). Палитра красок насчитывает 80 цветов. Три последние цифры артикула являются Номером согласно палитре HDupont. Все цвета прекрасно смешиваются между собой. Наносить краски на ткань кистью, губкой или аэрографом. Ткань перед нанесением красителя должна быть выстирана. После высыхания закрепляются паром в течение 1ч.30мин. Внимание! Ткань перед закреплением должна быть завернута в бумагу, чтобы избежать прямого контакта с каплями воды (конденсата). Возможно закрепление в микроволновке. (См. видео на нашем сайте: http://paint.dn.ua/index.php?prog=400&article=62   http://paint.dn.ua/index.php?prog=400&article=63 http://paint.dn.ua/index.php?prog=400&article=64) После фиксации краска устойчива к стирке и чистке. Инструменты (кисти, губки и аэрографы) после работы промыть теплой водой. Не замораживать! Производитель: DARWI (Дарви) Бельгия;publish;1;DR-DU0600050749;3,00;60,00;60,00;;;;;'visible;pic/dr-dupont-50.jpg;Clairefontaine;Текстильні фарби та аксесуари > Барвники > Для запарювання > 50мл;;3,00;0,00
!БЕЗ ЗНИЖОК ЗНЯТІ З ВИР-ВА,Барвник рідкий для волокон тварин.походж.(для запарювання) Dupont Darwi 50мл ФІОЛЕТОВИЙ СВІТЛИЙ;product;42;Растекающиеся краски на водной основе, для росписи и окрашивания волокон животного происхождения (шёлка и шерсти) в пластиковой баночке по 30, 50, 250мл Экологически чистые. Изготовлены из высококачественных, отборных, растворимых, высококонцентрированных пигментов. Без резкого запаха. Разбавляются водой, спиртом, и специальным разбавителем (DR-DU0710100000). Палитра красок насчитывает 80 цветов. Три последние цифры артикула являются Номером согласно палитре HDupont. Все цвета прекрасно смешиваются между собой. Наносить краски на ткань кистью, губкой или аэрографом. Ткань перед нанесением красителя должна быть выстирана. После высыхания закрепляются паром в течение 1ч.30мин. Внимание! Ткань перед закреплением должна быть завернута в бумагу, чтобы избежать прямого контакта с каплями воды (конденсата). Возможно закрепление в микроволновке. (См. видео на нашем сайте: http://paint.dn.ua/index.php?prog=400&article=62   http://paint.dn.ua/index.php?prog=400&article=63 http://paint.dn.ua/index.php?prog=400&article=64) После фиксации краска устойчива к стирке и чистке. Инструменты (кисти, губки и аэрографы) после работы промыть теплой водой. Не замораживать! Производитель: DARWI (Дарви) Бельгия;publish;1;DR-DU0600050901;3,00;60,00;60,00;;;;;'visible;pic/dr-dupont-50.jpg;Clairefontaine;Текстильні фарби та аксесуари > Барвники > Для запарювання > 50мл;;3,00;0,00
!БЕЗ ЗНИЖОК ЗНЯТІ З ВИР-ВА,Барвник рідкий для волокон тварин.походж.(для запарювання) Dupont Darwi 50мл ФІОЛЕТОВА ОРХІДЕЯ;product;43;Растекающиеся краски на водной основе, для росписи и окрашивания волокон животного происхождения (шёлка и шерсти) в пластиковой баночке по 30, 50, 250мл Экологически чистые. Изготовлены из высококачественных, отборных, растворимых, высококонцентрированных пигментов. Без резкого запаха. Разбавляются водой, спиртом, и специальным разбавителем (DR-DU0710100000). Палитра красок насчитывает 80 цветов. Три последние цифры артикула являются Номером согласно палитре HDupont. Все цвета прекрасно смешиваются между собой. Наносить краски на ткань кистью, губкой или аэрографом. Ткань перед нанесением красителя должна быть выстирана. После высыхания закрепляются паром в течение 1ч.30мин. Внимание! Ткань перед закреплением должна быть завернута в бумагу, чтобы избежать прямого контакта с каплями воды (конденсата). Возможно закрепление в микроволновке. (См. видео на нашем сайте: http://paint.dn.ua/index.php?prog=400&article=62   http://paint.dn.ua/index.php?prog=400&article=63 http://paint.dn.ua/index.php?prog=400&article=64) После фиксации краска устойчива к стирке и чистке. Инструменты (кисти, губки и аэрографы) после работы промыть теплой водой. Не замораживать! Производитель: DARWI (Дарви) Бельгия;publish;1;DR-DU0600050903;0,00;60,00;60,00;;;;;'visible;pic/dr-dupont-50.jpg;Clairefontaine;Текстильні фарби та аксесуари > Барвники > Для запарювання > 50мл;;0,00;0,00
Пластилін на восковій основі Softy Darwi 0,5кг ОРАНЖЕВИЙ;product;44;Мягкий пластилин на основе воска с добавлением картофельного и кукурузного крахмалов. Содержит только натуральные красители. Материал идеален для детского творчества. Гипоаллергенный. Пластилин всегда остается мягким, не пачкает руки, не липнет к одежде и прочим посторонним вещам, предметам. Обладает хорошей упругостью и "памятью", податлив. Работа с пластилином SOFTY oказывает прекрасный терапевтический эффект при повышенной нервозности, агрессивности детей, способствует развитию мелкой моторики, вызывает "тактильное удовольствие". Производитель: DARWI(Дарви) Бельгия;publish;1;DR-SO0870500752;0,00;348,00;240,33;500,00;180,00;80,00;30,00;'visible;pic/dr-so0870500010_7.jpg,pic/dr-so0870500010_1.jpg,pic/dr-so0870500010_2.jpg,pic/dr-so0870500010_3.jpg,pic/dr-so0870500010_4.jpg,pic/dr-so0870500010_5.jpg,pic/dr-so0870500010_6.jpg,pic/dr-so0870500010_8.jpg,pic/dr-so0870500010_9.jpg,pic/dr-so0870500010_1;Clairefontaine;Скульптура > Пластилін > На восковій основі;;0,00;0,00
R РОЗБИРАТИ 24.2 Серветка33х33см (20шт) "Узор в стиле "Quilt" синій;product;45;Салфетка трехслойная для работы в технике декупаж. Использовать для декорирования любых поверхностей: дерева, стекла, фарфора, пластики, ткани. Рисунок, распечатанный на салфетке, вырезать или аккуратно оторвать. Снять верхний слой и прикрепить на предмет специальным клеем для декупажа (например арт.KR-49151). Наносить клей поверх рисунка от середины к краям мотива. Использовать мягкую плоскую кисть. Производитель: IHR (ИХР) Германия ;publish;1;IHR-L 492040;1,00;84,00;80,91;119,00;165,00;165,00;28,00;'visible;pic/ihr-l-492040.jpg;IHR;Декоративні матеріали різні > Декупаж > Серветки у пачці > 24 фактури > 24.2 ситчик;;1,00;0,00
R РОЗБИРАТИ 8.1 Серветка33х33см (20шт) "Доярка";product;49;Салфетка трехслойная для работы в технике декупаж. Использовать для декорирования любых поверхностей: дерева, стекла, фарфора, пластики, ткани. Рисунок, распечатанный на салфетке, вырезать или аккуратно оторвать. Снять верхний слой и прикрепить на предмет специальным клеем для декупажа (например арт.KR-49151). Наносить клей поверх рисунка от середины к краям мотива. Использовать мягкую плоскую кисть. Производитель: IHR (ИХР) Германия ;draft;1;IHR-L 501200;0,00;84,00;80,91;119,00;165,00;165,00;28,00;hidden;pic/ihr-l-501200.jpg;IHR;Декоративні матеріали різні > Декупаж > Серветки у пачці > 8 мистецтво > 8.1 картини;;0,00;0,00
ЗНЯТІ З ВИР-ВА,Контур универсальный с глиттером (стирка до 40*С) "Glitter Pen" Kreul 29мл ЖОВТИЙ;product;50;Контур Pic Tixx Glitter - яркая декоративная краска с глиттером в пластиковой тубе с удобным носиком. На водной основе. Контур прекрасно ложится на любые поверхности (текстиль, бумагу, картон, дерево, штукатурку, керамику, стекло). После высыхания краска эластична и устойчива к воздействию влаги. На текстиле закреплять утюгом 5-8 минут в режиме "хлопок", стирать при t 40°С. Краску можно наносить непосредственно из тубы или кистью, выдавив необходимое количество на палитру. Для получения более тонких линий использовать металлический наконечник. Производитель: С. Kreul (Кройль) Германия ;draft;1;KR-49848;0,00;149,00;87,07;43,40;20,00;120,00;20,00;hidden;pic/kr-49841---kr-49852.jpg;Kreul;Декоративні матеріали різні > Універсальні контури > Kreul > Гліттер;;0,00;0,00
ЗНЯТІ З ВИР-ВА,Контур универсальный с глиттером (стирка до 40*С) "Glitter Pen" Kreul 29мл ЗЕЛЕНЫЕ БЛЕСТКИ В ПРОЗРАЧНОМ;product;51;Контур Pic Tixx Glitter - яркая декоративная краска с глиттером в пластиковой тубе с удобным носиком. На водной основе. Контур прекрасно ложится на любые поверхности (текстиль, бумагу, картон, дерево, штукатурку, керамику, стекло). После высыхания краска эластична и устойчива к воздействию влаги. На текстиле закреплять утюгом 5-8 минут в режиме "хлопок", стирать при t 40°С. Краску можно наносить непосредственно из тубы или кистью, выдавив необходимое количество на палитру. Для получения более тонких линий использовать металлический наконечник. Производитель: С. Kreul (Кройль) Германия ;draft;1;KR-49851;0,00;149,00;87,07;41,20;20,00;20,00;120,00;hidden;pic/kr-49841---kr-49852.jpg;Kreul;Декоративні матеріали різні > Універсальні контури > Kreul > Гліттер;;0,00;0,00
ЗНЯТІ З ВИР-ВА,Контур универсальный МЕТАЛІК (стирка до 40*С) "Metallc Pen" Kreul 29мл БЛАКИТНИЙ;product;52;Изготовлены на водной основе. Прекрасно ложатся на любые поверхности ( текстиль. бумагу, картон, дерево штукатурку, керамику,стекло ). После высыхания устойчив к воздействию влаги(стирать при t 40*С.) Краска наносится непосредственно из тубы., для получения более тонких линий использовать металлический наконечник. Элластичные, слабо загрубляют ткань. Производитель: С.Kreul (Кройль)Германия;draft;1;KR-49877;0,00;149,00;87,07;43,60;20,00;120,00;20,00;hidden;pic/kr-49841---kr-49852.jpg;Kreul;Декоративні матеріали різні > Універсальні контури > Kreul > Металік;;0,00;0,00
!ЗНЯТІ З ВИР-ВА,Свинцовая лента для имитации витражей толщ 0,1мм  шир 12мм  длина 10м;product;54;Металлическая слегка выпуклая лента на самоклеящейся основе.Традиционно используется на стекле,для имитации свинцовых швов,но может также наклеивается на любую не жирную поверхность. Плоская, мягкая, эластичная, на самоклеющейся основе. Хорошо прилипает, даже, на неровную поверхность.Производитель: С.Kreul (Кройль)Германия;draft;1;KR-57810;0,00;278,50;365,88;159,40;120,00;195,00;6,00;hidden;pic/kr-57800.jpg;Kreul;!РАСПРОДАЖА > Кр-ки по стекл/мет/керам б/обж > Свинцовые ленты рельефы > Kreul;;0,00;0,00
RR Маса для моделювання (фіксації) шовку,текстилю та паперу DECO Kreul 20мл;product;56;;publish;1;KR-70151-20R;33,00;38,00;26,19;25,10;200,00;100,00;200,00;'visible;pic/kr-70151-20r.jpg;Kreul;Декоративні матеріали різні > Маси для моделювання;;33,00;0,00
!ЗНЯТО З ПРОДАЖУ! 12 Декупажна карта 50х70  Цветы (посолнухи и Ван Гог);product;65;Декупаж – техника декорирования разнообразных поверхностей с помощью нанесения напечатанных полиграфическим способом картинок с последующей лакировкой полученного изображения для защиты от внешних воздействий.Декупажную картинку вырезать,прикрепить на предмет специальным клеем.В отличие от салфеток,при наклеивании декупажные карты практически не рвутся и совсем не растягиваются.Клеить их можно на светлую и темную поверхности.Поверхность подготавливают как и для наклеивания салфеток,распечаток.Мотив вырезать точно по контуру и замочить в емкости с водой на 1мин.Вынуть и промокнуть бумажным или обычным полотенцем с 2-х сторон.Равномерно нанести клей на оборотную сторону фрагмента, и на поверхность предмета,с которым работаете.Приложить мотив на поверхность и сверху промазать кистью с клеем легкими нажатиями.Наносить от середины к краям мотива.Оставить работу сушиться. После высыхания покрыть ее толстым слоем глянцевого покрывного лака для декупажа.Производитель: С.Kreul (Кройль)Германия;draft;1;KR-740020-2;0,00;10,00;10,00;;;;;hidden;pic/kr-740020-2.jpg;1;!РАСПРОДАЖА > Декупаж > 12 KR Декупаж.карты 50х70;;0,00;0,00
!ЗНЯТО З ПРОДАЖУ! 12 Декупажна карта 50х70  Эллегия (цветы и сюджеты);product;68;Декупаж – техника декорирования разнообразных поверхностей с помощью нанесения напечатанных полиграфическим способом картинок с последующей лакировкой полученного изображения для защиты от внешних воздействий.Декупажную картинку вырезать,прикрепить на предмет специальным клеем.В отличие от салфеток,при наклеивании декупажные карты практически не рвутся и совсем не растягиваются.Клеить их можно на светлую и темную поверхности.Поверхность подготавливают как и для наклеивания салфеток,распечаток.Мотив вырезать точно по контуру и замочить в емкости с водой на 1мин.Вынуть и промокнуть бумажным или обычным полотенцем с 2-х сторон.Равномерно нанести клей на оборотную сторону фрагмента, и на поверхность предмета,с которым работаете.Приложить мотив на поверхность и сверху промазать кистью с клеем легкими нажатиями.Наносить от середины к краям мотива.Оставить работу сушиться. После высыхания покрыть ее толстым слоем глянцевого покрывного лака для декупажа.Производитель: С.Kreul (Кройль)Германия;draft;1;KR-740020-4;0,00;10,00;10,00;;;;;hidden;pic/kr-740020-4.jpg;1;!РАСПРОДАЖА > Декупаж > 12 KR Декупаж.карты 50х70;;0,00;0,00
!БЕЗ ЗНИЖОК Набір художественной гуаши MD-6 (6х18мл);product;71;Выдвигающаяся коробочка из высококачественного картона. Содержимое: 6 пластмассовых баночек с гуашью по 18мл. цветовые тона: кроющий белый, желтый, киноварь, ультрамарин, сине-зеленый, черный.Производитель:Nerchau (Нерхау) Германия ;draft;1;L-288006;0,00;30,00;30,00;;;;;hidden;pic/l-288006.jpg;LUKAS;Фарби гуашеві > Набори > 6 кол > 18мл > Nerchau;;0,00;0,00
!Пігмент дрібнотертий (малий пакет) ЖОВТИЙ СЕРЕДНІЙ МІЦНИЙ;product;78;;publish;1;L-301216R;0,00;10,00;7,81;10,00;70,00;60,00;5,00;'visible;pic/l-301216r.jpg;LUKAS;Пігменти > Пігменти художні > Nerchau (мал пакет);;0,00;0,00
!Пігмент дрібнотертий (малий пакет) ІНДІЙСЬКИЙ ЖОВТИЙ;product;82;Противокоррозионные, способные образовывать защитные, декоративные или декоративно-защитные покрытия. Введение пигментов в лакокрасочные материалы является основным методом регулирования декоративных свойств покрытий – цвета и непрозрачности (укрывистости). Используются для создания перламутровых эффектов при работе с красками, с цернитом, акриловым гелем. Можно добавлять в масло. Если краска бесцветная, добавив пигмент, мы получаем необходимый цвет. Если красная, то при добавлении голубого пигмента - получаем фиолетовый металлик. Выдерживает обжиг до 600*С.Не рекомендуется смешивать с текстильными красками, т.к. концентрация пигмента влияет на устойчивость к стирке.Производитель:Nerchau (Нерхау) Германия;publish;1;L-302222R;609,00;10,00;7,81;;;;;'visible;pic/l-302222r.jpg;LUKAS;Пігменти > Пігменти художні > Nerchau (мал пакет);;609,00;0,00
!Искусственные глаза в проволоке d 4мм ЗЕЛЁНЫЕ /1шт.;product;88;;publish;1;MHb-F03-039-29;0,00;127,00;123,31;;;;;'visible;pic/mhb-f03-039-29.jpg;MARIANNE HOBBY;Декоративні матеріали різні > Ляльки та іграшки(аксес.матер) > Очі > Marian_hobby;;0,00;0,00
!Искусственные глаза в проволоке КОРИЧНЕВЫЕ /пара;product;89;;publish;1;MHB-F03-041-04;0,00;86,00;83,16;;;;;'visible;pic/mhb-f03-041-04.jpg;MARIANNE HOBBY;Декоративні матеріали різні > Ляльки та іграшки(аксес.матер) > Очі > Marian_hobby;;0,00;0,00
!подставка;product;90;;publish;1;MHB-F12-450-00;0,00;117,00;113,19;;;;;'visible;pic/mhb-f12-450-00.jpg;MARIANNE HOBBY;Декоративні матеріали різні > Ляльки та іграшки(аксес.матер) > Аксесуари;;0,00;0,00
R п Картон гофрований дрібний 300г 50х70см СРІБЛО;product;126;Двусторонний рифлёный картон. Отлично подходит для изготовления открыток, поздравлений, скрапбукинга.Не содержит лигнина и кислоты. Производитель: URSUS (Урсус) Германия;draft;1;UR-10722289;0,00;104,00;142,90;;;;;hidden;pic/ur-1072-22-89.jpg;Ursus;Папір та картон > Гофрований картон;;0,00;0,00
RR п Картон гофрований дрібний 300г 20х30см ЧОРНИЙ;product;127;Двусторонний рифлёный картон. Отлично подходит для изготовления открыток, поздравлений, скрапбукинга.Не содержит лигнина и кислоты. Производитель: URSUS (Урсус) Германия;draft;1;UR-10722290R;0,00;21,00;14,98;;0,00;0,00;0,00;hidden;pic/ur-1072-22-90r.jpg;Ursus;Папір та картон > Гофрований картон;;0,00;0,00
R п Картон дизайнерский двусторонний  "Парадис" 300г 49,5х68см ЖОВТИЙ мотив МЕЛКИЕ ЦВЕТЫ;product;128;Двусторонний картон высокого качества. Плотность 300 грамм на кв.метр. Отлично подходит для основы скрап-страницы, для изготовления рамок, открыток и подарочных коробок. Разнообразный рисунок дает возможность использования его для создания объемных украшений и тегов. Хорошо подходит для совместного творчества с детьми. Не содержит кислоты и лингина. Производитель: URSUS (Урсус) Германия;draft;1;UR-12262202;0,00;61,00;84,35;;;;;hidden;pic/ur-1226-22-02.jpg;Ursus;Папір та картон > Фотокартон,папери дизайнерські > Ursus 300 гр,;;0,00;0,00
R п Картон дизайнерский двусторонний  "Парадис" 300г 49,5х68см ЖОВТИЙ мотив КРУПНЫЕ ЦВЕТЫ;product;129;Двусторонний картон высокого качества. Плотность 300 грамм на кв.метр. Отлично подходит для основы скрап-страницы, для изготовления рамок, открыток и подарочных коробок. Разнообразный рисунок дает возможность использования его для создания объемных украшений и тегов. Хорошо подходит для совместного творчества с детьми. Не содержит кислоты и лингина. Производитель: URSUS (Урсус) Германия;draft;1;UR-12262204;0,00;61,00;84,35;;;;;hidden;pic/ur-1226-22-04.jpg;Ursus;Папір та картон > Фотокартон,папери дизайнерські > Ursus 300 гр,;;0,00;0,00
R п Картон дизайнерский двусторонний  "Парадис" 300г 49,5х68см ОРАНЖЕВИЙ мотив СЕТЧ.ОРНАМЕНТ;product;130;;draft;1;UR-12272203;0,00;61,00;84,35;;;;;hidden;pic/ur-1227-22-03.jpg;Ursus;Папір та картон > Фотокартон,папери дизайнерські > Ursus 300 гр,;;0,00;0,00
R п Картон дизайнерский двусторонний  "Парадис" 300г 49,5х68см ОРАНЖЕВИЙ мотив БАБОЧКИ;product;131;Двусторонний картон высокого качества. Плотность 300 грамм на кв.метр. Отлично подходит для основы скрап-страницы, для изготовления рамок, открыток и подарочных коробок. Разнообразный рисунок дает возможность использования его для создания объемных украшений и тегов. Хорошо подходит для совместного творчества с детьми. Не содержит кислоты и лингина. Производитель: URSUS (Урсус) Германия;draft;1;UR-12272205;0,00;61,00;84,35;;;;;hidden;pic/ur-1227-22-05.jpg;Ursus;Папір та картон > Фотокартон,папери дизайнерські > Ursus 300 гр,;;0,00;0,00
RR п Картон дизайнерский двусторонний  "Парадис" 300г 20х30см БЛАКИТНИЙ мотив МЕЛКИЕ ЦВЕТЫ;product;132;Матовый двусторонний картон высокого качества. Коллекция представлена пятью разными мотивами на голубом фоне на передней стороне, задняя сторона с цветочным дизайном на желтом фоне. Отлично подходит для основы скрап-страницы, для изготовления рамок, открыток и подарочных коробок. Разнообразный рисунок дает возможность использования его для создания объемных украшений и тегов. Хорошо подходит для совместного творчества с детьми. Не содержит кислоты и лингина.Производитель: URSUS (Урсус) Германия;publish;1;UR-12282202R;0,00;24,00;17,16;;;;;'visible;pic/ur-1228-22-02.jpg;Ursus;Папір та картон > Фотокартон,папери дизайнерські > Ursus 300 гр,;;0,00;0,00
RR п Картон дизайнерский двусторонний  "Парадис" 300г 20х30см БЛАКИТНИЙ мотив КРУПНЫЕ ЦВЕТЫ;product;133;Матовый двусторонний картон высокого качества. Коллекция представлена пятью разными мотивами на голубом фоне на передней стороне, задняя сторона с цветочным дизайном на желтом фоне. Отлично подходит для основы скрап-страницы, для изготовления рамок, открыток и подарочных коробок. Разнообразный рисунок дает возможность использования его для создания объемных украшений и тегов. Хорошо подходит для совместного творчества с детьми. Не содержит кислоты и лингина.Производитель: URSUS (Урсус) Германия;publish;1;UR-12282204R;0,00;24,00;17,16;;;;;'visible;pic/ur-1228-22-04.jpg;Ursus;Папір та картон > Фотокартон,папери дизайнерські > Ursus 300 гр,;;0,00;0,00
RR п Картон дизайнерский двусторонний  "Парадис" 300г 20х30см ЗЕЛЕНИЙ мотив МЕЛКИЕ ЦВЕТЫ;product;134;Матовый двусторонний картон высокого качества. Коллекция представлена пятью разными мотивами на зеленом фоне на передней стороне,  задняя сторона с цветочным дизайном на коричневом фоне. Отлично подходит для основы скрап-страницы, для изготовления рамок, открыток и подарочных коробок. Разнообразный рисунок дает возможность использования его для создания объемных украшений и тегов. Хорошо подходит для совместного творчества с детьми. Не содержит кислоты и лингина.Производитель: URSUS (Урсус) Германия;publish;1;UR-12292202R;0,00;24,00;17,16;;;;;'visible;pic/ur-1229-22-02.jpg;Ursus;Папір та картон > Фотокартон,папери дизайнерські > Ursus 300 гр,;;0,00;0,00
п Картон дизайнерский кольоровий "Клетка" 300г 20х30см ПРОЗРАЧНО-ЗЕЛЕНИЙ;product;135;Матовый полноцветный двусторонний картон картон высокого качества. Отлично подходит для основы скрап-страницы, для изготовления рамок, открыток и подарочных коробок. Хорошо подходит для совместного творчества с детьми. Производитель: URSUS (Урсус) Германия;draft;1;UR-12422258R;0,00;11,00;10,91;;;;;hidden;pic/12422258.jpg;Ursus;Папір та картон > Фотокартон,папери дизайнерські > Ursus 300 гр,;;0,00;0,00
RR п Картон дизайнерский "Цветочный орнамент.Кантри"  300г 20х30см КОРИЧНЕВО-БЛАКИТНИЙ;product;136;Матовый двусторонний картон высокого качества. Коллекция представлена пятью цветными комбинациями с цветочным орнаментом на передней стороне, задняя сторона - однотонно окрашена. Отлично подходит для основы скрап-страницы, для изготовления рамок, открыток и подарочных коробок. Разнообразный рисунок дает возможность использования его для создания объемных украшений и тегов. Хорошо подходит для совместного творчества с детьми. Не содержит кислоты и лингина. Производитель: URSUS (Урсус) Германия;publish;1;UR-12642204R;0,00;24,00;17,16;;;;;'visible;pic/ur-1264-22-04.jpg;Ursus;Папір та картон > Фотокартон,папери дизайнерські > Ursus 300 гр,;;0,00;0,00
RR п Картон дизайнерский кольоровий 300г 20х30см КИРПИЧИ;product;139;Матовый полноцветный двусторонний картон высокого качества. Отлично подходит для основы скрап-страницы, для изготовления рамок, открыток и подарочных коробок. Разнообразный рисунок дает возможность использования его для создания объемных украшений и тегов. Хорошо подходит для совместного творчества с детьми. Производитель: URSUS (Урсус) Германия;publish;1;UR-12722211R;0,00;24,00;17,16;;;;;'visible;pic/12722211.jpg;Ursus;Папір та картон > Фотокартон,папери дизайнерські > Ursus 300 гр,;;0,00;0,00
RR п Картон дизайнерский кольоровий 300г 20х30см КАМЕШКИ;product;140;Матовый полноцветный двусторонний картон высокого качества. Отлично подходит для основы скрап-страницы, для изготовления рамок, открыток и подарочных коробок. Разнообразный рисунок дает возможность использования его для создания объемных украшений и тегов. Хорошо подходит для совместного творчества с детьми. Производитель: URSUS (Урсус) Германия;publish;1;UR-12722221R;0,00;24,00;17,16;;;;;'visible;pic/12722221.jpg;Ursus;Папір та картон > Фотокартон,папери дизайнерські > Ursus 300 гр,;;0,00;0,00
RR п Картон дизайнерский кольоровий 300г 20х30см ЛИСТВА;product;141;Матовый полноцветный двусторонний картон высокого качества. Отлично подходит для основы скрап-страницы, для изготовления рамок, открыток и подарочных коробок. Разнообразный рисунок дает возможность использования его для создания объемных украшений и тегов. Хорошо подходит для совместного творчества с детьми. Производитель: URSUS (Урсус) Германия;publish;1;UR-12722223R;0,00;24,00;17,16;;;;;'visible;pic/12722223.jpg;Ursus;Папір та картон > Фотокартон,папери дизайнерські > Ursus 300 гр,;;0,00;0,00
R п ЗНЯТІ З ВИР-ВА,Картон дизайнерский кольоровий 300г 49,5х68см ВЯЗАННЫЙ УЗОР;product;142;;draft;1;UR-12722252;0,00;61,00;84,35;10,00;495,00;680,00;0,50;hidden;pic/ur-12722252.jpg;Ursus;Папір та картон > Фотокартон,папери дизайнерські > Ursus 300 гр,;;0,00;0,00
R п Картон дизайнерский кольоровий 300г 49,5х68см ПАРКЕТ;product;143;;publish;1;UR-12722257;0,00;61,00;84,35;10,00;495,00;680,00;0,50;'visible;pic/ur-12722257.jpg;Ursus;Папір та картон > Фотокартон,папери дизайнерські > Ursus 300 гр,;;0,00;0,00
R п ЗНЯТІ З ВИР-ВА,Картон дизайнерский кольоровий 300г 49,5х68см ДРЕВЕСИНА ТЕМНА;product;144;;draft;1;UR-12722259;0,00;61,00;84,35;10,00;495,00;680,00;0,50;hidden;pic/ur-12722259.jpg;Ursus;Папір та картон > Фотокартон,папери дизайнерські > Ursus 300 гр,;;0,00;0,00
R п Картон дизайнерский кольоровий 300г 49,5х68см БРЕВНЫШКИ;product;145;;publish;1;UR-12722261;0,00;61,00;84,35;10,00;495,00;680,00;0,50;'visible;pic/ur-12722261.jpg;Ursus;Папір та картон > Фотокартон,папери дизайнерські > Ursus 300 гр,;;0,00;0,00
RR п Картон дизайнерский кольоровий 300г 20х30см БОЖЬЯ КОРОВКА;product;146;Матовый полноцветный двусторонний картон высокого качества. Отлично подходит для основы скрап-страницы, для изготовления рамок, открыток и подарочных коробок. Разнообразный рисунок дает возможность использования его для создания объемных украшений и тегов. Хорошо подходит для совместного творчества с детьми. Производитель: URSUS (Урсус) Германия;publish;1;UR-12922206R;0,00;24,00;17,16;;;;;'visible;pic/ur-1292-22-06.jpg;Ursus;Папір та картон > Фотокартон,папери дизайнерські > Ursus 300 гр,;;0,00;0,00
RR п Картон дизайнерский кольоровий 300г 20х30см ЗЕБРА;product;147;Матовый полноцветный двусторонний картон высокого качества. Отлично подходит для основы скрап-страницы, для изготовления рамок, открыток и подарочных коробок. Разнообразный рисунок дает возможность использования его для создания объемных украшений и тегов. Хорошо подходит для совместного творчества с детьми. Производитель: URSUS (Урсус) Германия;draft;1;UR-12922208R;0,00;24,00;17,16;;;;;hidden;pic/ur-1292-22-08.jpg;Ursus;Папір та картон > Фотокартон,папери дизайнерські > Ursus 300 гр,;;0,00;0,00
R п Картон дизайнерский двусторонний  "Божьи коровки" 300г 49,5x68см мотив ЗЕЛЕНЫЕ ЛИСТОЧКИ;product;148;;publish;1;UR-13382201;0,00;61,00;84,35;10,00;495,00;680,00;0,50;'visible;pic/ur-13382201.jpg;Ursus;Папір та картон > Фотокартон,папери дизайнерські > Ursus 300 гр,;;0,00;0,00
RR п Картон дизайнерский двусторонний  "Божьи коровки" 300г 20х30см мотив ЗЕЛЕНЫЕ ЛИСТОЧКИ;product;149;;publish;1;UR-13382201R;0,00;24,00;17,16;2,00;300,00;200,00;0,50;'visible;pic/ur-13382201.jpg;Ursus;Папір та картон > Фотокартон,папери дизайнерські > Ursus 300 гр,;;0,00;0,00
RR п Картон дизайнерский двусторонний  "Божьи коровки" 300г 20х30см мотив ПОЛОСЫ;product;150;;publish;1;UR-13382203R;0,00;24,00;17,16;2,00;300,00;200,00;0,50;'visible;pic/ur-13382203.jpg;Ursus;Папір та картон > Фотокартон,папери дизайнерські > Ursus 300 гр,;;0,00;0,00
RR п Картон дизайнерский двусторонний  "Поэзия" 300г 20х30см БІЛИЙ мотив ЦВЕТОЧНЫЙ ОРНАМЕНТ;product;151;;draft;1;UR-13392201R;0,00;24,00;17,16;2,00;300,00;200,00;0,50;hidden;pic/ur-13392201.jpg;Ursus;Папір та картон > Фотокартон,папери дизайнерські > Ursus 300 гр,;;0,00;0,00
R Картон тисненый "Партитура" 220г 23х33см 5арк.ЖОВТИЙ СВІТЛИЙ;product;154;;draft;1;UR-61190003;0,00;220,00;284,81;;0,00;0,00;0,00;hidden;pic/ur-61190003.jpg;Ursus;Папір та картон > Картон з тисненням;;0,00;0,00
RR п Картон тисненый "Свадебный" 220г 23х33см СЛОНОВАЯ КОСТЬ;product;155;;publish;1;UR-61210011R;0,00;78,00;57,25;;;;;'visible;pic/ur-61210011r.jpg;Ursus;Папір та картон > Картон з тисненням;;0,00;0,00
RR п Картон тисненый "Бабочки" 220г 23х33см БІЛИЙ;product;156;;publish;1;UR-61220000R;0,00;78,00;57,25;;;;;'visible;pic/ur-61220000r.jpg;Ursus;Папір та картон > Картон з тисненням;;0,00;0,00
R Картон тисненый "Бабочки" 220г 23х33см 5арк.ОРАНЖЕВИЙ;product;157;;draft;1;UR-61220041;0,00;220,00;284,81;;;;;hidden;pic/ur-61220041.jpg;Ursus;Папір та картон > Картон з тисненням;;0,00;0,00
!БЕЗ ЗНИЖОК Папір для Scrapbooking "Воспоминания" 120г 30,5х30,5см мотив107;product;159;Экологически чистая. Высококачественная полноцветная печать с одной стороны. Рисунок не выцветает со временем - это очень важно для оформления памятных альбомов. Широкий выбор декоров и расцветок.  Помимо скрапбукинга, эта бумага может использоваться для декупажа, изготовления открыток и других видов декорирования. Производитель: URSUS (Урсус) Германия;publish;1;UR-700000107R;0,00;10,00;10,00;;;;;'visible;pic/ur-7000-00-107r.jpg;Ursus;Папір та картон > Папір для скрапбукінгу;;0,00;0,00
!БЕЗ ЗНИЖОК RR Папір для Scrapbooking "Воспоминания" 120г 30,5х30,5см мотив109;product;160;Экологически чистая. Высококачественная полноцветная печать с одной стороны. Рисунок не выцветает со временем - это очень важно для оформления памятных альбомов. Широкий выбор декоров и расцветок.  Помимо скрапбукинга, эта бумага может использоваться для декупажа, изготовления открыток и других видов декорирования. Производитель: URSUS (Урсус) Германия;publish;1;UR-700000109R;0,00;10,00;10,00;;;;;'visible;pic/ur-7000-00-109r.jpg;Ursus;Папір та картон > Папір для скрапбукінгу;;0,00;0,00
!БЕЗ ЗНИЖОК Папір для Scrapbooking "Воспоминания" 120г 30,5х30,5см мотив110;product;161;Экологически чистая. Высококачественная полноцветная печать с одной стороны. Рисунок не выцветает со временем - это очень важно для оформления памятных альбомов. Широкий выбор декоров и расцветок.  Помимо скрапбукинга, эта бумага может использоваться для декупажа, изготовления открыток и других видов декорирования. Производитель: URSUS (Урсус) Германия;publish;1;UR-700000110R;0,00;10,00;10,00;;;;;'visible;pic/ur-7000-00-110r.jpg;Ursus;Папір та картон > Папір для скрапбукінгу;;0,00;0,00
Гель з ефектом "рідкого скла"Glass-Effect-Gel 28мл ЗЕЛЕНИЙ ПРОЗОРИЙ;product;166;Контур-гель на водной основе в удобном пластиковом стикере. Наносится на поверхность не посредственно из тюбика, при лёгком нажатии.После высыхания гель очень похож на стекло: блестящий,твёрдый и кристально-прозрачный. Необычный эффект можно получить создавая жемчужину нанося гель по шаблону или просто из тюбика. Для получения более тонких линий использовать металлический наконечник. Время высыхания 3-4 часа. Не токсичный. До высыхания легко смывается водой с рук и интсрументов. После высыхания за изделиями возможен стандартный бытовой уход, без посудомойки.Производитель:Viva-decor (Вива-декор) Германия;publish;1;VV-114470001;0,00;101,00;100,98;;;;;'visible;pic/vv-114470001.jpg;Viva;Ф-би п/склу,мет.керам.б/випалу > Гель із ефектом рідкого скла > Прозорі;;0,00;0,00
Perlen-Pen жемчуг-эффект 25мл ЖОВТИЙ;product;167;Универсальная краска-гель на водной основе для  любых поверхностей, в пластиковом стикере с тонким носиком.  Благодаря особой вязкости и специальному наконечнику стикера краска используется для создания эффекта жемчужин. Аккуратно выдавливать  гель прямо из стикера, не смещая наконечник до получения жемчужины требуемого размера. Применять для украшения текстиля, замши, бумаги, дерева, кожи. До высыхания легко смывается водой. Время высыхания 24 часа. Стирка при t-30C*. Производитель:Viva-decor (Вива-декор) Германия;publish;1;VV-116220101;0,00;98,00;94,52;;;;;'visible;pic/vv-116220101.jpg;Viva;Декоративні матеріали різні > Перли-ефект > Viva;;0,00;0,00
Perlen-Pen жемчуг-эффект 25мл ОРАНЖЕВИЙ;product;168;Универсальная краска-гель на водной основе для  любых поверхностей, в пластиковом стикере с тонким носиком.  Благодаря особой вязкости и специальному наконечнику стикера краска используется для создания эффекта жемчужин. Аккуратно выдавливать  гель прямо из стикера, не смещая наконечник до получения жемчужины требуемого размера. Применять для украшения текстиля, замши, бумаги, дерева, кожи. До высыхания легко смывается водой. Время высыхания 24 часа. Стирка при t-30C*. Производитель:Viva-decor (Вива-декор) Германия;publish;1;VV-116230001;0,00;98,00;94,52;;;;;'visible;pic/vv-116230001.jpg;Viva;Декоративні матеріали різні > Перли-ефект > Viva;;0,00;0,00
Perlen-Pen жемчуг-эффект 25мл ЧЕРВОНИЙ;product;169;Универсальная краска-гель на водной основе для  любых поверхностей, в пластиковом стикере с тонким носиком.  Благодаря особой вязкости и специальному наконечнику стикера краска используется для создания эффекта жемчужин. Аккуратно выдавливать  гель прямо из стикера, не смещая наконечник до получения жемчужины требуемого размера. Применять для украшения текстиля, замши, бумаги, дерева, кожи. До высыхания легко смывается водой. Время высыхания 24 часа. Стирка при t-30C*. Производитель:Viva-decor (Вива-декор) Германия;publish;1;VV-116240001;0,00;98,00;94,52;;;;;'visible;pic/vv-116240001.jpg;Viva;Декоративні матеріали різні > Перли-ефект > Viva;;0,00;0,00
Perlen-Pen жемчуг-эффект 25мл ПЕРЛАМУТР.ПАСТЕЛЬНИЙ ЗЕЛЕНИЙ;product;170;Универсальная краска-гель на водной основе для  любых поверхностей, в пластиковом стикере с тонким носиком.  Благодаря особой вязкости и специальному наконечнику стикера краска используется для создания эффекта жемчужин. Аккуратно выдавливать  гель прямо из стикера, не смещая наконечник до получения жемчужины требуемого размера. Применять для украшения текстиля, замши, бумаги, дерева, кожи. До высыхания легко смывается водой. Время высыхания 24 часа. Стирка при t-30C*. Производитель:Viva-decor (Вива-декор) Германия;publish;1;VV-116270101;0,00;98,00;94,52;;;;;'visible;pic/vv-116270101.jpg;Viva;Декоративні матеріали різні > Перли-ефект > Viva;;0,00;0,00
Perlen-Pen жемчуг-эффект 25мл СРІБЛО;product;171;Универсальная краска-гель на водной основе для  любых поверхностей, в пластиковом стикере с тонким носиком.  Благодаря особой вязкости и специальному наконечнику стикера краска используется для создания эффекта жемчужин. Аккуратно выдавливать  гель прямо из стикера, не смещая наконечник до получения жемчужины требуемого размера. Применять для украшения текстиля, замши, бумаги, дерева, кожи. До высыхания легко смывается водой. Время высыхания 24 часа. Стирка при t-30C*. Производитель:Viva-decor (Вива-декор) Германия;publish;1;VV-116290201;0,00;98,00;94,52;;;;;'visible;pic/vv-116290201.jpg;Viva;Декоративні матеріали різні > Перли-ефект > Viva;;0,00;0,00
!Журнал Ручные чудеса №25 2014г.;product;173;Красящее вещество в банке  находится под губкой.  Краску набрать можно «нажимая» на губку в банке поролоновой кистью (для трафаретов), что позволяет наносить краску тонким слоем, сохраняя пастельность цветов. Используется для различных декоративных целей. При работе через трафарет краска  наносится на бумагу  томпованием или круговыми растирками  при работе со штампами.  Оттиски на бумаге и других впитывающих поверхностях чёткие, не плывут.  При работе с разными цветами используйте отдельную кисть для каждого цвета. Цвета можно смешивать непосредственно на листе (второй цвет растирать  поверх первого). Время высыхания – 30 мин. Производитель:Viva-decor(Вива-декор)Германия;publish;1;VV-119020138;0,00;20,00;20,00;;;;;'visible;pic/vv-119020138-vv-119080338.jpg;1;!РАСПРОДАЖА > Все по 20гр > Краски, контуры,штемп.подушки > Для бумаги > Краски;;0,00;0,00
!ЗНЯТІ З ВИР-ВА,Paper-Pen для СКРАПБУКИНГА  25мл КОРИЧНЕВИЙ ОРЕХ;product;178;на водной основе  для работы по бумаге. В пластиковом стикере с тонким носиком. Благодаря особой вязкости и специальному наконечнику стикера краска может использоваться для имитации круглых бусин, различных фигурок. Краску аккуратно выдавливать прямо из стикера, не смещая наконечник, до получения бусины требуемого размера. Контуром жемчуг-эффект Paper-Pen можно работать в трафаретной технике. Для нанесения через трафарет использовать кисть-губку. Paper-Pen  прекрасно себя «чувствует» на эластичных поверхностях (бумаге, холсте, текстиле), не липнет к слоям бумаги. После высыхания – непрозрачная. Время высыхания 3-4 часа. Рабочие инструменты промыть водой. Не нагревать, не замораживать! Производитель:Viva-decor(Вива-декор)Германия ;draft;1;VV-119145101;0,00;81,00;91,19;;;;;hidden;pic/vv-119145101.jpg;Viva;!РАСПРОДАЖА > Декоративные материалы разные > Краски, контуры,штемп.подушки > Для бумаги > Контуры;;0,00;0,00
!ЗНЯТІ З ВИР-ВА,Paper-Pen для СКРАПБУКИНГА  25мл СІРИЙ;product;180;на водной основе  для работы по бумаге. В пластиковом стикере с тонким носиком. Благодаря особой вязкости и специальному наконечнику стикера краска может использоваться для имитации круглых бусин, различных фигурок. Краску аккуратно выдавливать прямо из стикера, не смещая наконечник, до получения бусины требуемого размера. Контуром жемчуг-эффект Paper-Pen можно работать в трафаретной технике. Для нанесения через трафарет использовать кисть-губку. Paper-Pen  прекрасно себя «чувствует» на эластичных поверхностях (бумаге, холсте, текстиле), не липнет к слоям бумаги. После высыхания – непрозрачная. Время высыхания 3-4 часа. Рабочие инструменты промыть водой. Не нагревать, не замораживать! Производитель:Viva-decor(Вива-декор)Германия ;draft;1;VV-119180101;0,00;81,00;91,19;;;;;hidden;pic/vv-119180101.jpg;Viva;!РАСПРОДАЖА > Декоративные материалы разные > Краски, контуры,штемп.подушки > Для бумаги > Контуры;;0,00;0,00
Фотоальбом для декорирования;product;186;;draft;1;Б-00000045;23,00;10,00;5,30;;0,00;0,00;0,00;hidden;;1;Папір та картон > СКРАП альбоми та аксесуари;;23,00;0,00
Фарба олійн."Студия" ГАММА 46мл БОЛОТНАЯ ТЕМНА.;product;188;;draft;1;ГМ-ГФО528С;0,00;30,70;21,25;;;;;hidden;pic/gm-gfo528c.jpg;Арт-Скриня ООО (У);Фарби олійні > Вир-во Росія > Гамма;;0,00;0,00
Альбом д/скрапбукинга АЖУР (32см) 6л.кольца;product;189;;publish;1;ДП-5766;0,00;76,00;52,63;;;;;'visible;pic/dp-5766.jpg;Гармаш Влада Алексеевна;Папір та картон > СКРАП альбоми та аксесуари;;0,00;0,00
5-1201 Папір д/квілінгу Радуга 5мм/130г/120шт;product;190;;draft;1;ДП-5884;0,00;12,00;8,31;;;;;hidden;pic/dp-5884.jpg;Гармаш Влада Алексеевна;Папір та картон > Смушки для квілінгу;;0,00;0,00
ЗНЯТІ З ВИР-ВА.Трафарет самоклеющ.по тверд.поверхн.многораз.8,5х23,5см №218 ОРНАМЕНТЫ;product;192;Не клеится на текстиль. При потере липкости помыть мылом. Производство: Украина;draft;1;ДП-6899;0,00;36,00;24,93;20,00;;;;hidden;pic/dp-6899.jpg;Гармаш Влада Алексеевна;Трафарети > Самоклеючі багаторазові > По твердих поверхнях;;0,00;0,00
ЗНЯТІ З ВИР-ВА.Трафарет самоклеющ.по тверд.поверхн.многораз.8,5х23,5см №209 САКУРА;product;193;Не клеится на текстиль. При потере липкости помыть мылом. Производство: Украина;draft;1;ДП-6906;0,00;36,00;24,93;20,00;;;;hidden;pic/dp-6906.jpg;Гармаш Влада Алексеевна;Трафарети > Самоклеючі багаторазові > По твердих поверхнях;;0,00;0,00
ЗНЯТІ З ВИР-ВА.Трафарет самоклеющ.по тверд.поверхн.многораз.8,5х23,5см №211 ЖИВОТНЫЕ(Лев,зебра);product;194;Не клеится на текстиль. При потере липкости помыть мылом. Производство: Украина;draft;1;ДП-6908;0,00;36,00;24,93;20,00;;;;hidden;pic/dp-6908.jpg;Гармаш Влада Алексеевна;Трафарети > Самоклеючі багаторазові > По твердих поверхнях;;0,00;0,00
ЗНЯТІ З ВИР-ВА.Трафарет самоклеющ.по тверд.поверхн.многораз.8,5х23,5см №247 ПИТОМЦЫ;product;195;;draft;1;ДП-7009;0,00;36,00;24,93;20,00;;;;hidden;pic/dp-7009.jpg;Гармаш Влада Алексеевна;Трафарети > Самоклеючі багаторазові > По твердих поверхнях;;0,00;0,00
Трафарет декоративный 11х32см  2004 ОРНАМЕНТЫ-БОРДЮРЫ;product;196;;publish;1;ДП-8649;0,00;43,00;23,65;20,00;;;;'visible;pic/dp-8649.jpg;Гармаш Влада Алексеевна;Трафарети > Неклейкі > ДП > 11х32см;;0,00;0,00
Трафарет декоративный 11х32см  2005 БОРДЮРЫ С РОЗАМИ;product;197;;publish;1;ДП-8650;0,00;43,00;23,65;20,00;;;;'visible;pic/dp-8650.jpg;Гармаш Влада Алексеевна;Трафарети > Неклейкі > ДП > 11х32см;;0,00;0,00
Трафарет декоративный 11х32см  2007 ОРНАМЕНТЫ-БОРДЮРЫ;product;198;;publish;1;ДП-8652;0,00;43,00;23,65;20,00;;;;'visible;pic/dp-8652.jpg;Гармаш Влада Алексеевна;Трафарети > Неклейкі > ДП > 11х32см;;0,00;0,00
!Bruynzeel Рекламный плакат А-4 Body-Art Набір проф.театральн. Грима "SACURA" Bruynzeel (Бруинзил) Голландия;product;200;;draft;1;ЕВ-ПЛ-169А4;0,00;10,00;2,37;;;;;hidden;pic/eb-pl-169.jpg;Малахатка Владимир,частное лицо;Рекламні матеріали > Рекламні плакати > Боді-арт;;0,00;0,00
Набір декоративних гудзиків з глазурі (11шт.) МИКС;product;201;;draft;1;ЕВ-ПУГ-001;0,00;33,00;22,33;8,00;50,00;70,00;15,00;hidden;;Лавка художника ООО;Декоративні матеріали різні > Декоративн.елементи та об'єкти > Гудзики;;0,00;0,00
Набір декоративних гудзиків з глазурі (11шт.) ТОПАЗ(ЖОВТИЙ);product;202;;draft;1;ЕВ-ПУГ-006;0,00;22,00;14,88;8,00;50,00;70,00;15,00;hidden;;Лавка художника ООО;Декоративні матеріали різні > Декоративн.елементи та об'єкти > Гудзики;;0,00;0,00
!Диск  DVD;product;203;;draft;1;ЕВ-Р9;0,00;10,00;8,00;;;;;hidden;;книжный рынок (У);Витратні матер.д/внутр.корист > Інше > Диски,фото;;0,00;0,00
!Траверс для стелажей 95см;product;204;;draft;1;ЕВ-РЕГ-7;0,00;30,00;24,00;;;;;hidden;;Кондакова Елена Викторовна;Торговельне обладнання > Стелажі та стенди;;0,00;0,00
!Траверс для стелажей 76см;product;205;;draft;1;ЕВ-РЕГ76;0,00;10,00;8,00;200,00;760,00;50,00;760,00;hidden;;Регалс СП,ООО;Торговельне обладнання > Полиці,стійки та тримачі;;0,00;0,00
Маркер перманентный 2,5мм ЧОРНИЙ;product;210;;draft;1;ИО-8566ЧЕРН.;0,00;17,50;18,67;;;;;hidden;;Импорт офис (У);Витратні матер.д/внутр.корист > Для регулярного замовлення > Ручки, маркери;;0,00;0,00
Фарба олійн.46мл КАДМІЙ ЧЕРВОНИЙ СВІТЛИЙ / 311;product;216;;draft;1;ПД-4610003282172 ;0,00;367,00;172,50;0,00;0,00;0,00;0,00;hidden;pic/pd-4610003282172.jpg;Подольск-АРТ Центр,ЗАО;Фарби олійні > Вир-во Росія > Подольск;;0,00;0,00
Фарба олійн.46мл СТРОНЦІАНОВА ЖОВТА / 201;product;217;;draft;1;ПД-4610003282790 ;0,00;290,00;132,69;0,00;0,00;0,00;0,00;hidden;pic/pd-4610003282790.jpg;Подольск-АРТ Центр,ЗАО;Фарби олійні > Вир-во Росія > Подольск;;0,00;0,00
Порубка;product;219;;draft;1;ПОРУБ;18,09;10,00;8,00;;;;;hidden;;книжный рынок (У);Прочее > Порубка;;18,09;0,00
Кольца для альбомов (2шт.) d32мм;product;221;;publish;1;РСУ-9405546434;0,00;40,00;27,63;10,00;;;;'visible;pic/pcy-940554643x.jpg;РОСА, ЧП (У);Папір та картон > СКРАП альбоми та аксесуари;;0,00;0,00
Кольца для альбомов (2шт.) d50мм;product;222;;publish;1;РСУ-9405546436;0,00;61,00;42,08;;;;;'visible;pic/pcy-940554643x.jpg;РОСА, ЧП (У);Папір та картон > СКРАП альбоми та аксесуари;;0,00;0,00
!Набір текстильн.дизайнерских лент  (6шт.х100см) РОЗОВЫЙ;product;257;Набор текстильн.дизайнерских лент 6 атласных лент 1х100см различных оттенков (подобраны в одной гамме). Подходят для скрапбукинга, изготовления открыток, декора текстиля и предметов интерьера. Скрепить странички, сделать маленький изящный (или, напротив, пышный) бантик, подвесить тэг, сделать завязочки или же просто украсить страницу - для всего этого без них просто не обойтись! Производитель: Dalprint Plus(Далпринт Плюс) Польша;draft;1;DL-PMA-367121;0,00;68,00;140,88;;;;;hidden;pic/dl-pma-367121.jpg;Dalprint Plus;Пакування та аксесуари > Стрічки текстильні;;0,00;0,00
Самозастигаюча маса Darwi 1кг ТЕРАКОТА;product;260;Затвердевающий в воздухе моделирующий материал. Перед применением следует тщательно размять. Гладкость придается пальцами, смоченными в холодной воде.  Время высыхания – 24 часа. При высыхании не трескается. Повторяет фактуру глины, тяжелая, обрабатывается наждаком. Изделие можно сверлить, декорировать, покрывать лаком. Хранить в плотно закрытой таре. Не пользоваться детям до 3-х лет, во избежание проглатывания кусочков массы. Производитель: DARWI (Дарви) Бельгия  ;publish;1;DR-DA0811000000;1,00;278,00;191,86;1000,00;190,00;85,00;30,00;'visible;pic/dr-da0810500000_1.jpg,pic/dr-da0810500000_2.jpg,pic/dr-da0810500000_3.jpg,pic/dr-da0810500000_4.jpg,pic/dr-da0810500000_5.jpg,pic/dr-da0810500000_6.jpg,pic/da0811000000_terracotta_1kg_72dpi_rvb.jpg;Clairefontaine;Скульптура > Пластич.маси, самозатверд. > Класичні;;1,00;0,00
Туш незмивна "Darwi INK" 30мл БІЛА;product;263;Быстросохнущая водостойкая тушь для рисования на водной основе. Идеально подходит для каллиграфии. Жидкая, прозрачная (кроме непрозрачной черной и белой). В белом цвете образуется осадок (при вскрытии флакона перемешать твёрдой палочкой). Тушь устойчива к;publish;1;DR-DA1500030010;0,00;60,00;130,26;34,00;35,00;35,00;70,00;'visible;pic/dr-1500030010da.jpg;Clairefontaine;Матеріали для графіки > Туш > Водостійка > DARWI;;0,00;0,00
!БЕЗ ЗНИЖОК ЗНЯТІ З ВИР-ВА,Барвник рідкий для волокон тварин.походж.(для запарювання) Dupont Darwi 50мл СИНІЙ ЛІМОЖСЬКИЙ;product;264;Растекающиеся краски на водной основе, для росписи и окрашивания волокон животного происхождения (шёлка и шерсти) в пластиковой баночке по 30, 50, 250мл Экологически чистые. Изготовлены из высококачественных, отборных, растворимых, высококонцентрированных пигментов. Без резкого запаха. Разбавляются водой, спиртом, и специальным разбавителем (DR-DU0710100000). Палитра красок насчитывает 80 цветов. Три последние цифры артикула являются Номером согласно палитре HDupont. Все цвета прекрасно смешиваются между собой. Наносить краски на ткань кистью, губкой или аэрографом. Ткань перед нанесением красителя должна быть выстирана. После высыхания закрепляются паром в течение 1ч.30мин. Внимание! Ткань перед закреплением должна быть завернута в бумагу, чтобы избежать прямого контакта с каплями воды (конденсата). Возможно закрепление в микроволновке. (См. видео на нашем сайте: http://paint.dn.ua/index.php?prog=400&article=62   http://paint.dn.ua/index.php?prog=400&article=63 http://paint.dn.ua/index.php?prog=400&article=64) После фиксации краска устойчива к стирке и чистке. Инструменты (кисти, губки и аэрографы) после работы промыть теплой водой. Не замораживать! Производитель: DARWI (Дарви) Бельгия;draft;1;DR-DU0600050205;0,00;60,00;60,00;;;;;hidden;pic/dr-dupont-50.jpg;Clairefontaine;Текстильні фарби та аксесуари > Барвники > Для запарювання > 50мл;;0,00;0,00
!БЕЗ ЗНИЖОК ЗНЯТІ З ВИР-ВА.Барвник рідкий для волокон тварин.походж.(для запарювання) Dupont Darwi 50мл БЛАКИТНИЙ ЦИАН;product;265;Растекающиеся краски на водной основе, для росписи и окрашивания волокон животного происхождения (шёлка и шерсти) в пластиковой баночке по 30, 50, 250мл Экологически чистые. Изготовлены из высококачественных, отборных, растворимых, высококонцентрированных пигментов. Без резкого запаха. Разбавляются водой, спиртом, и специальным разбавителем (DR-DU0710100000). Палитра красок насчитывает 80 цветов. Три последние цифры артикула являются Номером согласно палитре HDupont. Все цвета прекрасно смешиваются между собой. Наносить краски на ткань кистью, губкой или аэрографом. Ткань перед нанесением красителя должна быть выстирана. После высыхания закрепляются паром в течение 1ч.30мин. Внимание! Ткань перед закреплением должна быть завернута в бумагу, чтобы избежать прямого контакта с каплями воды (конденсата). Возможно закрепление в микроволновке. (См. видео на нашем сайте: http://paint.dn.ua/index.php?prog=400&article=62   http://paint.dn.ua/index.php?prog=400&article=63 http://paint.dn.ua/index.php?prog=400&article=64) После фиксации краска устойчива к стирке и чистке. Инструменты (кисти, губки и аэрографы) после работы промыть теплой водой. Не замораживать! Производитель: DARWI (Дарви) Бельгия;draft;1;DR-DU0600050221;0,00;60,00;60,00;;;;;hidden;pic/dr-dupont-50.jpg;Clairefontaine;Текстильні фарби та аксесуари > Барвники > Для запарювання > 50мл;;0,00;0,00
!БЕЗ ЗНИЖОК ЗНЯТІ З ВИР-ВА.Барвник рідкий для волокон тварин.походж.(для запарювання) Dupont Darwi 50мл ТЕРАКОТА;product;266;Растекающиеся краски на водной основе, для росписи и окрашивания волокон животного происхождения (шёлка и шерсти) в пластиковой баночке по 30, 50, 250мл Экологически чистые. Изготовлены из высококачественных, отборных, растворимых, высококонцентрированных пигментов. Без резкого запаха. Разбавляются водой, спиртом, и специальным разбавителем (DR-DU0710100000). Палитра красок насчитывает 80 цветов. Три последние цифры артикула являются Номером согласно палитре HDupont. Все цвета прекрасно смешиваются между собой. Наносить краски на ткань кистью, губкой или аэрографом. Ткань перед нанесением красителя должна быть выстирана. После высыхания закрепляются паром в течение 1ч.30мин. Внимание! Ткань перед закреплением должна быть завернута в бумагу, чтобы избежать прямого контакта с каплями воды (конденсата). Возможно закрепление в микроволновке. (См. видео на нашем сайте: http://paint.dn.ua/index.php?prog=400&article=62   http://paint.dn.ua/index.php?prog=400&article=63 http://paint.dn.ua/index.php?prog=400&article=64) После фиксации краска устойчива к стирке и чистке. Инструменты (кисти, губки и аэрографы) после работы промыть теплой водой. Не замораживать! Производитель: DARWI (Дарви) Бельгия;draft;1;DR-DU0600050408;0,00;60,00;60,00;;;;;hidden;pic/dr-dupont-50.jpg;Clairefontaine;Текстильні фарби та аксесуари > Барвники > Для запарювання > 50мл;;0,00;0,00
!БЕЗ ЗНИЖОК ЗНЯТІ З ВИР-ВА,Барвник рідкий для волокон тварин.походж.(для запарювання) Dupont Darwi 50мл ТІЛЕСНИЙ СВІТЛИЙ;product;267;Растекающиеся краски на водной основе, для росписи и окрашивания волокон животного происхождения (шёлка и шерсти) в пластиковой баночке по 30, 50, 250мл Экологически чистые. Изготовлены из высококачественных, отборных, растворимых, высококонцентрированных пигментов. Без резкого запаха. Разбавляются водой, спиртом, и специальным разбавителем (DR-DU0710100000). Палитра красок насчитывает 80 цветов. Три последние цифры артикула являются Номером согласно палитре HDupont. Все цвета прекрасно смешиваются между собой. Наносить краски на ткань кистью, губкой или аэрографом. Ткань перед нанесением красителя должна быть выстирана. После высыхания закрепляются паром в течение 1ч.30мин. Внимание! Ткань перед закреплением должна быть завернута в бумагу, чтобы избежать прямого контакта с каплями воды (конденсата). Возможно закрепление в микроволновке. (См. видео на нашем сайте: http://paint.dn.ua/index.php?prog=400&article=62   http://paint.dn.ua/index.php?prog=400&article=63 http://paint.dn.ua/index.php?prog=400&article=64) После фиксации краска устойчива к стирке и чистке. Инструменты (кисти, губки и аэрографы) после работы промыть теплой водой. Не замораживать! Производитель: DARWI (Дарви) Бельгия;publish;1;DR-DU0600050424;0,00;60,00;60,00;;;;;'visible;pic/dr-dupont-50.jpg;Clairefontaine;Текстильні фарби та аксесуари > Барвники > Для запарювання > 50мл;;0,00;0,00
!БЕЗ ЗНИЖОК ЗНЯТІ З ВИР-ВА,Барвник рідкий для волокон тварин.походж.(для запарювання) Dupont Darwi 50мл БРОНЗА;product;268;Растекающиеся краски на водной основе, для росписи и окрашивания волокон животного происхождения (шёлка и шерсти) в пластиковой баночке по 30, 50, 250мл Экологически чистые. Изготовлены из высококачественных, отборных, растворимых, высококонцентрированных пигментов. Без резкого запаха. Разбавляются водой, спиртом, и специальным разбавителем (DR-DU0710100000). Палитра красок насчитывает 80 цветов. Три последние цифры артикула являются Номером согласно палитре HDupont. Все цвета прекрасно смешиваются между собой. Наносить краски на ткань кистью, губкой или аэрографом. Ткань перед нанесением красителя должна быть выстирана. После высыхания закрепляются паром в течение 1ч.30мин. Внимание! Ткань перед закреплением должна быть завернута в бумагу, чтобы избежать прямого контакта с каплями воды (конденсата). Возможно закрепление в микроволновке. (См. видео на нашем сайте: http://paint.dn.ua/index.php?prog=400&article=62   http://paint.dn.ua/index.php?prog=400&article=63 http://paint.dn.ua/index.php?prog=400&article=64) После фиксации краска устойчива к стирке и чистке. Инструменты (кисти, губки и аэрографы) после работы промыть теплой водой. Не замораживать! Производитель: DARWI (Дарви) Бельгия;publish;1;DR-DU0600050655;0,00;60,00;60,00;;;;;'visible;pic/dr-dupont-50.jpg;Clairefontaine;Текстильні фарби та аксесуари > Барвники > Для запарювання > 50мл;;0,00;0,00
Загуститель для барвників волокон тварин.походж.(для запарювання)) Dupont Darwi 100мл;product;269;Жидкость белесого цвета в пластиковом флаконе 100мл для добавления в краски по шелку для запаривания. Загуститель предотвращает растекание краски по шелку. Не влияет на яркость краски, цвета остаются насыщенными, полупрозрачными, мягкими. Сгущенной краской можно рисовать кистью без использования контуров- резервов по шелку и шерсти. При этом остается красивый полупрозрачный мазок, не гасится блеск шелка. Рабочие инструменты промыть водой. Не нагревать, не замораживать! Производитель: DARWI (Дарви) Бельгия;publish;1;DR-DU0720100000;0,00;307,00;212,06;;;;;'visible;pic/dr-du0720100000.jpg;Clairefontaine;Текстильні фарби та аксесуари > Барвники > Супутні продукти;;0,00;0,00
!Ополаскиватель-закрепитель для барвників волокон тварин.походж.(для запарювання)) Dupont Darwi 100мл;product;270;Жидкость желтоватого цвета в пластиковом флаконе 100мл. Ополаскиватель. DUPONT применяется при первом полоскании после закрепления. Он позволяет закрепить стойкость, и предотвратить изменение цвета при последующей стирке. Особенно рекомендован если для рисунков на шелке и шерсти, применялись несколько ярких или контрастных цветов (очень темный и светлый). Развести 50мл. ополаскивателя в 4 литрах теплой воды, погрузить ткань с рисунком в полученный раствор и выдержать в растворе в течение  в течение 10-15 мин. Не замораживать! Производитель: DARWI (Дарви) Бельгия;publish;1;DR-DU0770100000;0,00;344,00;286,79;;;;;'visible;pic/dr-du0770100000.jpg;Clairefontaine;Текстильні фарби та аксесуари > Барвники > Супутні продукти;;0,00;0,00
Пластилін на восковій основі Softy Darwi 0,5кг КОРИЧНЕВИЙ;product;271;Мягкий пластилин на основе воска с добавлением картофельного и кукурузного крахмалов. Содержит только натуральные красители. Материал идеален для детского творчества. Гипоаллергенный. Пластилин всегда остается мягким, не пачкает руки, не липнет к одежде и прочим посторонним вещам, предметам. Обладает хорошей упругостью и "памятью", податлив. Работа с пластилином SOFTY oказывает прекрасный терапевтический эффект при повышенной нервозности, агрессивности детей, способствует развитию мелкой моторики, вызывает "тактильное удовольствие". Производитель: DARWI(Дарви) Бельгия;publish;1;DR-SO0870500800;0,00;348,00;240,33;500,00;180,00;80,00;30,00;'visible;pic/dr-so0870500010_8.jpg,pic/dr-so0870500010_1.jpg,pic/dr-so0870500010_2.jpg,pic/dr-so0870500010_3.jpg,pic/dr-so0870500010_4.jpg,pic/dr-so0870500010_5.jpg,pic/dr-so0870500010_6.jpg,pic/dr-so0870500010_7.jpg,pic/dr-so0870500010_9.jpg,pic/dr-so0870500010_1;Clairefontaine;Скульптура > Пластилін > На восковій основі;;0,00;0,00
R РОЗБИРАТИ 27.6 Серветка33х33см (20шт) "Розы" кремовый;product;272;;draft;1;IHR-L 477060;0,00;84,00;80,91;80,00;330,00;330,00;20,00;hidden;pic/ihr-l477060.jpg;IHR;Декоративні матеріали різні > Декупаж > Серветки у пачці > 27 квіти > 27.6 троянди;;0,00;0,00
R РОЗБИРАТИ 16.1 Серветка33х33см (20шт) "Слоники" білий;product;277;Салфетка трехслойная для работы в технике декупаж. Использовать для декорирования любых поверхностей: дерева, стекла, фарфора, пластики, ткани. Рисунок, распечатанный на салфетке, вырезать или аккуратно оторвать. Снять верхний слой и прикрепить на предмет специальным клеем для декупажа (например арт.KR-49151). Наносить клей поверх рисунка от середины к краям мотива. Использовать мягкую плоскую кисть. Производитель: IHR (ИХР) Германия ;draft;1;IHR-L 500390;0,00;84,00;80,91;119,00;165,00;165,00;28,00;hidden;pic/ihr-l-500390.jpg;IHR;Декоративні матеріали різні > Декупаж > Серветки у пачці > 16 орнаменти > 16.1 східні;;0,00;0,00
R РОЗБИРАТИ 27.9 Серветка33х33см (20шт) "Тюльпаны и бабочка" кремовый;product;278;Салфетка трехслойная для работы в технике декупаж. Использовать для декорирования любых поверхностей: дерева, стекла, фарфора, пластики, ткани. Рисунок, распечатанный на салфетке, вырезать или аккуратно оторвать. Снять верхний слой и прикрепить на предмет специальным клеем для декупажа (например арт.KR-49151). Наносить клей поверх рисунка от середины к краям мотива. Использовать мягкую плоскую кисть. Производитель: IHR (ИХР) Германия ;publish;1;IHR-L 501360;1,00;84,00;80,91;119,00;165,00;165,00;28,00;'visible;pic/ihr-l-501360.jpg;IHR;Декоративні матеріали різні > Декупаж > Серветки у пачці > 27 квіти > 27.9 тюльпани;;1,00;0,00
Контур универсальный опухающий (стирка до 40*С) "Pluster Liner Pen" Kreul 29мл ЧОРНИЙ;product;279;Контур Pic Tixx Опухающий в пластиковой тубе с удобным носиком. После высыхания краска глянцевая, яркая, имеет небольшой рельеф. При нагревании становится бархатисто-матовой и увеличивается в объёме. На водной основе. Контур прекрасно ложится на любые пов;publish;1;KR-49819;11,00;149,00;105,54;44,30;20,00;120,00;20,00;'visible;pic/kr-49819.jpg,pic/kr-49819_1.jpg;Kreul;Декоративні матеріали різні > Універсальні контури > Kreul > Опухаючий;;11,00;0,00
Контур универсальный МЕТАЛІК (стирка до 40*С) "Metallc Pen" Kreul 29мл СРІБЛО;product;280;Контур Pic Tixx Metallic - краска с металлическим блеском в пластиковой тубе с удобным носиком. На водной основе. Контур прекрасно ложится на любые поверхности (текстиль, бумагу, картон, дерево, штукатурку, керамику, стекло). После высыхания краска эластична и устойчива к воздействию влаги. На текстиле закреплять утюгом 5-8 минут в режиме "хлопок", стирать при t 40°С. Краску можно наносить непосредственно из тубы или кистью, выдавив необходимое количество на палитру. Для получения более тонких линий использовать металлический наконечник. Кисти и инструменты промываются водой. Производитель: С. Kreul (Кройль) Германия ;publish;1;KR-49872;7,00;149,00;105,54;44,10;20,00;120,00;20,00;'visible;pic/kr-49872.jpg,pic/kr-49872_1.jpg;Kreul;Декоративні матеріали різні > Універсальні контури > Kreul > Металік;;7,00;0,00
ЗНЯТІ З ВИР-ВА,Контур универсальный МЕТАЛІК (стирка до 40*С) "Metallc Pen" Kreul 29мл ЗЕЛЕННЫЙ;product;281;Изготовлены на водной основе. Прекрасно ложатся на любые поверхности ( текстиль. бумагу, картон, дерево штукатурку, керамику,стекло ). После высыхания устойчив к воздействию влаги(стирать при t 40*С.) Краска наносится непосредственно из тубы., для получения более тонких линий использовать металлический наконечник. Элластичные, слабо загрубляют ткань. Производитель: С.Kreul (Кройль)Германия;draft;1;KR-49874;0,00;149,00;87,07;43,80;20,00;120,00;20,00;hidden;pic/kr-49841---kr-49852.jpg;Kreul;Декоративні матеріали різні > Універсальні контури > Kreul > Металік;;0,00;0,00
Фотоклей для тонкого декупажу лазерного друку "Foto Transfer" Kreul 250мл;product;283;Густой клей белого цвета (после высыхания становится прозрачным) в пластиковых банках по 150, 250, 20 и 750мл. На водной основе. После высыхания становится водостойким, приобретает прозрачность и шелковистый блеск. Используется для переноса изображений напечатанных на лазерном принтере на твердые поверхности: металл, пластик, дерево, стекло и т.д. Применение: Напечатайте цифровую фотографию на лазерном принтере, или сделайте лазерную копию с оригинальной фотографии, учитывая , что после переноса изображение будет зеркальным. Слегка наметьте контуры изображения на декорируемой поверхности исчезающим маркером (KR-818080). Используя кисть или валик, нанесите клей на распечатанное изображение и на рабочую поверхность. Работать нужно быстро, так как клей быстро сохнет. Положите картинку изображением вниз на декорируемую поверхность. Равномерно и плавно проведите с нажимом по всей поверхности картинки линейкой, пластиком или валиком. Сразу после этого снимите излишки клея с поверхности. Затем просушите изображение горячим феном (при самой высокой температуре) в течение 10 минут. Дайте остыть! Либо оставьте сохнуть при комнатной температуре в течение 24 часов. Смочите бумагу губкой,  немного подождите, пока бумага пропитается. Затем аккуратно скатайте бумагу пальцами или пористой стороной губки, и просушите изображение. Фотоклей для тонкого декупажа "Foto Transfer" сохранит цветное печатное изображение и придаст водостойкость. Волокна белой бумаги исчезнут, когда вы обработаете готовое изображение с акриловым лаком на водной основе, например KR-79401.До покрытия лаком, изображение можно вытереть спиртом или спиртовыми салфетками. Инструменты после работы промываются водой. Производитель: C.Kreul (Кройль) Германия;publish;1;KR-49952;0,00;376,00;260,34;364,40;80,00;80,00;100,00;'visible;pic/kr-49951_53.jpg;Kreul;Декоративні матеріали різні > Декупаж > Засоби для трансфер.перенесен.;;0,00;0,00
